id,name,country,countryCode,headquartersCity,usState,foundedYear,companyType,website,linkedin,segments,fundingStage,employeeRange,description,notableAchievements,activeProducts
nasa,NASA,United States,US,"Washington, D.C.",DC,1958,government_agency,https://www.nasa.gov,https://www.linkedin.com/company/nasa,government_agency,,"18,000+","The National Aeronautics and Space Administration is the United States government agency responsible for aeronautics and space exploration. NASA leads groundbreaking missions including the Artemis lunar program, Mars exploration, and the James Webb Space Telescope.",Apollo Moon landings; Space Shuttle program; International Space Station; Mars rovers; Artemis program,Artemis; SLS; Orion; Commercial Crew Program
spacex,SpaceX,United States,US,"Hawthorne, CA",CA,2002,commercial_private,https://www.spacex.com,https://www.linkedin.com/company/spacex,launch_provider; satellite_operator; lander; transportation_logistics,Late Stage,"13,000+","Space Exploration Technologies Corp. is the world's leading commercial launch provider, revolutionizing space access through reusable rocket technology. SpaceX operates Starlink, the largest satellite constellation, and is developing Starship for interplanetary travel.",First private company to ISS; Reusable orbital rockets; Crew Dragon certification; Starlink global coverage,Falcon 9; Falcon Heavy; Starship; Dragon; Starlink
blue-origin,Blue Origin,United States,US,"Kent, WA",WA,2000,commercial_private,https://www.blueorigin.com,https://www.linkedin.com/company/blue-origin,launch_provider; suborbital; lander; propulsion_systems,Private,"11,000+",Blue Origin is developing reusable launch vehicles and space systems with the vision of enabling a future where millions of people live and work in space. The company operates New Shepard suborbital flights and is developing the New Glenn orbital rocket.,New Shepard reusability; BE-4 engine development; Blue Moon lunar lander selection,New Shepard; New Glenn; BE-4 Engine; Blue Moon
ula,United Launch Alliance,United States,US,"Centennial, CO",CO,2006,joint_venture,https://www.ulalaunch.com,https://www.linkedin.com/company/united-launch-alliance,launch_provider,,"3,000+","United Launch Alliance is a joint venture between Boeing and Lockheed Martin, providing reliable launch services for U.S. government and commercial customers. ULA maintains a 100% mission success rate with Atlas V and is transitioning to Vulcan Centaur.",100% mission success rate; 150+ successful launches; Vulcan Centaur first flight 2024,Vulcan Centaur; Atlas V
rocketlab,Rocket Lab,United States,US,"Long Beach, CA",CA,2006,publicly_traded,https://www.rocketlabusa.com,https://www.linkedin.com/company/rocket-lab,launch_provider; satellite_manufacturer; in_space_services,Public (RKLB),"1,800+","Rocket Lab is an end-to-end space company delivering reliable launch services, satellite manufacturing, spacecraft components, and on-orbit management. Operating from sites in New Zealand and Virginia, they've launched over 180 satellites.",First private orbital launch from Southern Hemisphere; Electron rocket reusability; Neutron development,Electron; Neutron; Photon spacecraft; Pioneer spacecraft bus
firefly,Firefly Aerospace,United States,US,"Cedar Park, TX",TX,2014,commercial_private,https://fireflyspace.com,https://www.linkedin.com/company/firefly-space-systems,launch_provider; lander,Series D,700+,"Firefly Aerospace provides launch vehicles for small-to-medium payloads and developed the Blue Ghost lunar lander. Blue Ghost Mission 1 successfully landed on the Moon in January 2025, making Firefly one of the first commercial companies to achieve a lunar landing. Awarded $177M NASA follow-on CLPS contract. Medium Launch Vehicle (MLV) in development for 2026 debut.",Blue Ghost lunar landing (Jan 2025); Alpha orbital success; NASA CLPS contract; $177M NASA follow-on; Blue Ghost 2 mission confirmed Q2 2026,Alpha; MLV (in development); Blue Ghost lander
relativity,Relativity Space,United States,US,"Long Beach, CA",CA,2015,commercial_private,https://www.relativityspace.com,https://www.linkedin.com/company/relativity-space,launch_provider; manufacturing_materials,Series E,"1,000+","Relativity Space is pioneering 3D-printed rockets, using the world's largest metal 3D printers to manufacture launch vehicles. Their Terran R rocket aims to provide medium-lift capabilities with rapid manufacturing turnaround.",World's first 3D-printed rocket to reach space; Stargate 3D printer technology,Terran R
abl-space,ABL Space Systems,United States,US,"El Segundo, CA",CA,2017,commercial_private,https://ablspacesystems.com,https://www.linkedin.com/company/abl-space-systems,launch_provider,Series B,300+,"ABL Space Systems is developing low-cost, rapidly deployable launch services with their RS1 rocket. The company focuses on streamlined operations from containerized ground systems.",Amazon Project Kuiper contract,RS1
astra,Astra Space,United States,US,"Alameda, CA",CA,2016,commercial_private,https://astra.com,https://www.linkedin.com/company/astra-space,propulsion_systems,Private (founder-owned),100-200,"Astra went private in July 2024 after founders acquired all shares at $0.50/share. The company halted rocket launches and pivoted to spacecraft propulsion systems (electric engines). Now profitable with ~125 employees, focused on satellite engines and a new launch vehicle in development.",Went private (July 2024); Pivoted to propulsion systems; Returned to profitability,Spacecraft engines; Next-gen launch vehicle (development)
virgin-galactic,Virgin Galactic,United States,US,"Las Cruces, NM",NM,2004,publicly_traded,https://www.virgingalactic.com,https://www.linkedin.com/company/virgin-galactic,suborbital,Public (SPCE),500+,"Virgin Galactic paused all commercial spaceflight operations in June 2024 and retired VSS Unity to focus on developing next-generation Delta-class vehicles. Test flights are targeted for Q3 2026, with commercial service resumption expected in 2027.",First commercial spaceflight with passengers; Unity spaceship flights; Delta-class in development,Delta-class spaceships (development)
intuitive-machines,Intuitive Machines,United States,US,"Houston, TX",TX,2013,publicly_traded,https://www.intuitivemachines.com,https://www.linkedin.com/company/intuitive-machines,lander; in_space_services,Public (LUNR),400+,Intuitive Machines is a space exploration company providing lunar access services. Their Nova-C lander became the first commercial spacecraft to successfully land on the Moon in 2024.,First US Moon landing since Apollo (2024); NASA CLPS contract holder,Nova-C lander; Lunar Data Services
astrobotic,Astrobotic,United States,US,"Pittsburgh, PA",PA,2007,commercial_private,https://www.astrobotic.com,https://www.linkedin.com/company/astrobotic-technology,lander; transportation_logistics,Series C,300+,Astrobotic is a lunar logistics company providing delivery services to the Moon. The company develops the Peregrine and Griffin landers for NASA's Commercial Lunar Payload Services program.,NASA VIPER rover contract; Multiple CLPS missions,Peregrine lander; Griffin lander; CubeRover
planet-labs,Planet Labs,United States,US,"San Francisco, CA",CA,2010,publicly_traded,https://www.planet.com,https://www.linkedin.com/company/planet-labs,satellite_manufacturer; satellite_operator; data_analytics,Public (PL),900+,"Planet Labs operates the largest constellation of Earth observation satellites, providing daily global imagery and analytics. Their fleet of Dove and SuperDove satellites capture the entire Earth's landmass daily.",Largest Earth imaging constellation; Daily global coverage,Dove satellites; SuperDove satellites; SkySat; Planet Analytics
maxar,Maxar Technologies,United States,US,"Westminster, CO",CO,1969,commercial_private,https://www.maxar.com,https://www.linkedin.com/company/maxar-technologies,satellite_manufacturer; data_analytics,Private (Advent acquired),"4,500+","Maxar Technologies is a space technology company specializing in Earth intelligence, geospatial data, and satellite manufacturing. They provide high-resolution satellite imagery and geospatial solutions.",WorldView satellite constellation; Power and Propulsion Element for Lunar Gateway,WorldView Legion; 1300 platform; Geospatial analytics
axiom-space,Axiom Space,United States,US,"Houston, TX",TX,2016,commercial_private,https://www.axiomspace.com,https://www.linkedin.com/company/axiom-space,space_stations; transportation_logistics,Series D,700+,"Axiom Space is building the world's first commercial space station, with Axiom Station Module 1 on track for ISS attachment. The company has conducted four private astronaut missions to the ISS and delivered NASA's next-generation Artemis spacesuits.",Four private astronaut missions to ISS; NASA Artemis spacesuit contract; Axiom Station Module 1 in production; NASA commercial destination award,Axiom Station modules; AxEMU spacesuit; Private astronaut missions
sierra-space,Sierra Space,United States,US,"Louisville, CO",CO,2021,commercial_private,https://www.sierraspace.com,https://www.linkedin.com/company/sierra-space,space_stations; transportation_logistics,Series B,"1,400+",Sierra Space is developing the Dream Chaser spaceplane and LIFE habitat for the Orbital Reef commercial space station. The company aims to create a thriving space economy.,Dream Chaser spaceplane development; Orbital Reef partnership with Blue Origin,Dream Chaser; LIFE habitat
northrop-grumman,Northrop Grumman Space,United States,US,"Falls Church, VA",VA,1939,publicly_traded,https://www.northropgrumman.com/space,https://www.linkedin.com/company/northrop-grumman-corporation,launch_provider; satellite_manufacturer; in_space_services,Public (NOC),"90,000+ (company-wide)","Northrop Grumman's Space Systems sector provides launch vehicles, satellites, and space logistics. They operate Cygnus cargo spacecraft and developed the MEV satellite servicing vehicles.",MEV-1 first commercial satellite servicing; Antares/Cygnus ISS resupply,Antares; Cygnus; MEV; National security satellites
lockheed-martin-space,Lockheed Martin Space,United States,US,"Littleton, CO",CO,1995,publicly_traded,https://www.lockheedmartin.com/en-us/capabilities/space.html,https://www.linkedin.com/company/lockheed-martin,satellite_manufacturer; lander,Public (LMT),"116,000+ (company-wide)","Lockheed Martin Space designs, develops, and operates advanced space systems including satellites, spacecraft, and exploration vehicles. They are building the Orion spacecraft for Artemis.",Orion spacecraft; Mars missions; GPS satellites,Orion; GPS III satellites; Space-based missiles defense
boeing-space,Boeing Space & Launch,United States,US,"Arlington, VA",VA,1916,publicly_traded,https://www.boeing.com/space,https://www.linkedin.com/company/boeing,launch_provider; space_stations; satellite_manufacturer,Public (BA),"140,000+ (company-wide)","Boeing Space & Launch develops spacecraft, satellites, and launch systems. The company operates the CST-100 Starliner crew vehicle and contributed to the International Space Station.",ISS construction; Starliner crewed flight; SLS core stage,Starliner; SLS core stage; X-37B; Satellites
terran-orbital,Terran Orbital (Lockheed Martin),United States,US,"Boca Raton, FL",FL,2013,joint_venture,https://terranorbital.com,https://www.linkedin.com/company/terran-orbital,satellite_manufacturer,Acquired (Lockheed Martin),500+,"Terran Orbital was acquired by Lockheed Martin in October 2024 for ~$450M enterprise value. Now operating as 'Terran Orbital, a Lockheed Martin Company,' it continues as a merchant supplier of small satellites for military, civil, and commercial customers under Lockheed Martin's Space division.",Acquired by Lockheed Martin (Oct 2024); Rivada constellation contract; SDA Tranche satellites,Small satellites; CubeSats; Mission solutions
viasat,Viasat,United States,US,"Carlsbad, CA",CA,1986,publicly_traded,https://www.viasat.com,https://www.linkedin.com/company/viasat,satellite_operator; satellite_manufacturer,Public (VSAT),"7,000+",Viasat is a global communications company providing high-speed satellite broadband services and secure networking systems. Their ViaSat-3 constellation provides ultra-high capacity connectivity.,ViaSat-3 launch; Inmarsat acquisition; Global coverage,ViaSat-3; Inmarsat services; Government solutions
iridium,Iridium Communications,United States,US,"McLean, VA",VA,1991,publicly_traded,https://www.iridium.com,https://www.linkedin.com/company/iridium,satellite_operator,Public (IRDM),700+,"Iridium operates the world's only truly global satellite communications network, providing voice and data connectivity anywhere on Earth. The Iridium NEXT constellation offers enhanced capabilities including Iridium Certus broadband.",Global satellite network; Iridium NEXT constellation; Direct-to-device partnerships,Iridium NEXT; Iridium Certus; IoT services
impulse-space,Impulse Space,United States,US,"Redondo Beach, CA",CA,2021,commercial_private,https://www.impulsespace.com,https://www.linkedin.com/company/impulse-space,in_space_services; propulsion_systems,Series B,200+,"Impulse Space develops in-space transportation vehicles to deliver satellites to precise orbits. Founded by former SpaceX propulsion director Tom Mueller, the company launched its upgraded Mira vehicle on LEO Express-3 and debuted the Helios kick stage in early 2026. Impulse has partnered with Anduril for an RPO (rendezvous & proximity operations) demo mission.",Mira OTV operational; Helios kick stage debut (2026); LEO Express-3 mission success; Anduril RPO demo partnership; Series B funding secured,Mira; Helios
varda-space,Varda Space Industries,United States,US,"El Segundo, CA",CA,2020,commercial_private,https://www.varda.com,https://www.linkedin.com/company/varda-space-industries,manufacturing_materials; in_space_services,Series B,100+,Varda Space Industries manufactures products in microgravity and returns them to Earth. The company focuses on pharmaceutical compounds and advanced materials that benefit from space production.,First commercial in-space manufacturing mission; Successful capsule return 2024,W-Series spacecraft; In-space manufacturing
anduril,Anduril Industries,United States,US,"Costa Mesa, CA",CA,2017,commercial_private,https://www.anduril.com,https://www.linkedin.com/company/anduril,satellite_manufacturer; in_space_services; data_analytics,Late Stage,"4,000+","Anduril Industries is a defense technology company building autonomous systems and AI-powered platforms for national security. In the space domain, Anduril is positioning for the Golden Dome missile defense architecture with satellite-based interceptor and sensor systems, partnering with Apex Space for satellite bus supply.",$14B+ valuation; Golden Dome positioning; Apex Space partnership for satellite buses; Lattice AI platform,Lattice; Autonomous Systems
apex-space,Apex Space,United States,US,"Los Angeles, CA",CA,2022,commercial_private,https://www.apexspace.com,https://www.linkedin.com/company/apex-space,satellite_manufacturer; in_space_services,Series D,200+,"Apex Space is the leading mass-manufacturer of configurable satellite buses for defense and commercial constellations. Its three platforms — Aries, Nova, and Comet — carry 100 to 5,000 kg of payload. The company reached unicorn status in 2025 with $500M+ raised, and its factory produces 200+ satellite buses per year.",$1B+ valuation in 3 years; Project Shadow orbital interceptor demo; 200+ satellite bus annual production capacity; Anduril strategic partnership,Aries Bus; Nova Bus; Comet Bus; Orbital Magazine
k2-space,K2 Space,United States,US,"Torrance, CA",CA,2022,commercial_private,https://www.k2space.com,https://www.linkedin.com/company/k2-space,satellite_manufacturer,Series C,160+,"K2 Space builds mega-class satellites that deliver 10x the power of traditional satellite buses at a fraction of the cost. With $441M+ raised at a $3B valuation, the company has $500M in signed contracts and a 180,000 sq ft factory producing up to 100 satellites per year.",$3B valuation; $500M in signed contracts; GRAVITAS satellite launching March 2026; SES partnership for MEO constellation,Mega Class Satellite; GRAVITAS
portal-space,Portal Space Systems,United States,US,"Redmond, WA",WA,2021,commercial_private,https://www.portalspacesystems.com,https://www.linkedin.com/company/portal-space-systems,propulsion_systems,Early Stage,,"Portal Space Systems develops the Afterburner, a solar thermal propulsion system that uses concentrated sunlight to superheat propellant, delivering higher specific impulse than chemical thrusters at a fraction of the cost. The technology enables sustained, responsive spacecraft maneuvering for defense and commercial constellations.",Solar thermal propulsion development; Flagged in Payload Space Golden Dome review,Afterburner
quantum-space,Quantum Space,United States,US,"Columbia, MD",MD,2021,commercial_private,https://quantumspace.us,https://www.linkedin.com/company/quantum-space,satellite_operator; in_space_services; ground_systems,Early Stage,,"Quantum Space provides cislunar situational awareness and relay infrastructure, positioning communications and navigation nodes beyond GEO to support lunar missions and defense operations. Backed by Draper Laboratory, the company's Eos spacecraft program has drawn U.S. Space Force interest.",Draper Laboratory backing; Eos spacecraft program; U.S. Space Force interest; Cislunar relay architecture,Eos Spacecraft
true-anomaly,True Anomaly,United States,US,"Centennial, CO",CO,2022,commercial_private,https://www.trueanomaly.space,https://www.linkedin.com/company/true-anomaly,satellite_manufacturer; in_space_services; data_analytics,Series C,200+,"True Anomaly builds autonomous orbital vehicles and space domain awareness software. Its Jackal vehicle can maneuver, track, and operate against threats on orbit, while its Mosaic software provides AI-driven space domain awareness for defense applications.",$389M raised Series C; $30M VICTUS HAZE Space Force contract; Classified OTA for boost-phase interceptor prototypes; Jackal autonomous orbital vehicle,Jackal; Mosaic
voyager-technologies,Voyager Technologies,United States,US,"Denver, CO",CO,2019,publicly_traded,https://www.voyagerspace.com,https://www.linkedin.com/company/voyager-space-holdings,space_stations; in_space_services; propulsion_systems,Public,500+,Voyager Technologies (NYSE: VOYG) is the only publicly traded pure-play in the tier-2 defense space supply chain. The company acquired ExoTerra Resource for electric propulsion systems and holds a patent for producing ultra-pure optical crystals in microgravity. Key programs include Starlab commercial space station.,IPO June 2025 (NYSE: VOYG); ExoTerra acquisition for electric propulsion; Microgravity optical crystal patent; NASA $217.5M Starlab grant,Starlab; ExoTerra Propulsion
esa,European Space Agency,Europe,EU,"Paris, France",,1975,government_agency,https://www.esa.int,https://www.linkedin.com/company/european-space-agency,government_agency,,"2,500+","The European Space Agency is an intergovernmental organization of 22 member states dedicated to space exploration. ESA coordinates European space activities and develops rockets, spacecraft, and space infrastructure.",Rosetta comet mission; Galileo navigation; Copernicus Earth observation; Ariane program,Ariane 6; Vega-C; Galileo; Copernicus
arianespace,Arianespace,France,FR,Évry-Courcouronnes,,1980,commercial_private,https://www.arianespace.com,https://www.linkedin.com/company/arianespace,launch_provider,,400+,"Arianespace is the world's first commercial launch services company, operating from Europe's Spaceport in French Guiana. The company provides launch services using Ariane 6 and Vega rockets.",400+ satellite launches; Ariane 5 success record; Ariane 6 inaugural flight 2024,Ariane 6; Vega-C
arianegroup,ArianeGroup,France,FR,Paris,,2015,joint_venture,https://www.ariane.group,https://www.linkedin.com/company/arianegroup,launch_provider; propulsion_systems,,"8,000+","ArianeGroup is a joint venture between Airbus and Safran, developing and manufacturing the Ariane 6 launcher. The company leads European access to space with propulsion and launch vehicle expertise.",Ariane 6 development; Prometheus reusable engine,Ariane 6; Prometheus engine; Vinci upper stage
isar-aerospace,Isar Aerospace,Germany,DE,Ottobrunn,,2018,commercial_private,https://www.isaraerospace.com,https://www.linkedin.com/company/isar-aerospace,launch_provider,Series C,400+,"Isar Aerospace is developing Spectrum, a new European launch vehicle designed for small and medium payloads. The company aims to provide flexible, cost-effective access to space from European soil.",ESA launch services contract; Andøya launch site agreement,Spectrum
rfa,Rocket Factory Augsburg,Germany,DE,Augsburg,,2018,commercial_private,https://www.rfa.space,https://www.linkedin.com/company/rfa-space,launch_provider,Series B,200+,"Rocket Factory Augsburg is developing RFA ONE, a German-designed orbital rocket. The company aims to provide European launch services at competitive prices with rapid manufacturing.",Staged combustion engine development; SaxaVord launch agreement,RFA ONE
ohb,OHB SE,Germany,DE,Bremen,,1981,publicly_traded,https://www.ohb.de,https://www.linkedin.com/company/ohb-se,satellite_manufacturer; data_analytics,Public,"3,200+","OHB SE is one of Europe's leading space and technology companies, specializing in satellites, aerospace structures, and data analytics. The company has delivered numerous Galileo satellites.",Galileo satellites; EnMAP hyperspectral mission; PLATO telescope,Galileo satellites; Earth observation satellites; Space systems
pld-space,PLD Space,Spain,ES,Elche,,2011,commercial_private,https://www.pldspace.com,https://www.linkedin.com/company/pld-space,launch_provider,Series C,150+,PLD Space is developing reusable launch vehicles to provide affordable small satellite launch services from Europe. The company successfully launched Miura 1 in 2023.,First Spanish rocket to reach space (Miura 1); Reusable technology development,Miura 1; Miura 5
orbex,Orbex,United Kingdom,GB,"Forres, Scotland",,2015,commercial_private,https://orbex.space,https://www.linkedin.com/company/orbex-space,launch_provider,Series C,200+,"Orbex is developing Prime, an environmentally sustainable orbital rocket designed for small satellite launches. The company operates from Sutherland Spaceport in Scotland.",Bio-propane fueled rocket; 3D-printed rocket engine; Sutherland Spaceport,Prime
skyrora,Skyrora,United Kingdom,GB,"Edinburgh, Scotland",,2017,commercial_private,https://www.skyrora.com,https://www.linkedin.com/company/skyrora,launch_provider,Series B,150+,"Skyrora is a UK launch company developing Skyrora XL, an orbital rocket for small satellite deployment. The company uses innovative manufacturing and eco-friendly propellants.",Skylark L suborbital flights; Ecosene sustainable fuel,Skyrora XL; Space Tug
saxavord,SaxaVord UK Spaceport,United Kingdom,GB,"Unst, Shetland",,2021,commercial_private,https://www.saxavord.space,https://www.linkedin.com/company/saxavord-spaceport,ground_systems,,50+,"SaxaVord is the UK's first vertical launch spaceport, located on Unst in the Shetland Islands. The site provides launch services for small satellite operators seeking polar and sun-synchronous orbits.",First licensed UK spaceport; Multiple launch provider agreements,Launch facilities; Mission support
telespazio,Telespazio,Italy,IT,Rome,,1961,joint_venture,https://www.telespazio.com,https://www.linkedin.com/company/telespazio,satellite_operator; ground_systems,,"3,000+","Telespazio is a joint venture between Leonardo and Thales, providing satellite operations, Earth observation services, and space infrastructure management. The company operates one of Europe's largest ground station networks.",Fucino Space Centre; Galileo operations; Copernicus ground segment,GEOS; e-GEOS; Satellite operations
thales-alenia-space,Thales Alenia Space,France,FR,Cannes,,2007,joint_venture,https://www.thalesaleniaspace.com,https://www.linkedin.com/company/thales-alenia-space,satellite_manufacturer; space_stations,,"8,900+","Thales Alenia Space is a joint venture between Thales and Leonardo. In October 2025, the parent companies signed an MoU with Airbus to merge European space divisions (excluding launch) into a consolidated entity, expected operational by 2027. Specializes in telecom, Earth observation, space exploration, and orbital infrastructure.",ISS modules; Galileo satellites; Hera asteroid mission,Telecommunications satellites; Navigation payloads; Orbital modules
airbus-defence-space,Airbus Defence and Space,Europe,EU,"Leiden, Netherlands",,2014,publicly_traded,https://www.airbus.com/en/products-services/space,https://www.linkedin.com/company/airbus-defence-and-space,satellite_manufacturer; launch_provider,Public (AIR.PA),"35,000+","Airbus Defence and Space is Europe's largest space company, designing and manufacturing satellites, orbital systems, and launcher components. In October 2025, Airbus signed an MoU with Leonardo and Thales to merge their space divisions (excluding launch) into a joint European space entity, expected operational by 2027.",OneSat platform; Eurostar NEO; Bartolomeo ISS platform,Telecommunications satellites; Earth observation systems; Ariane 6 components
cnsa,China National Space Administration,China,CN,Beijing,,1993,government_agency,http://www.cnsa.gov.cn,,government_agency,,,"CNSA is the national space agency of China responsible for planning and development of space activities. The agency oversees China's ambitious lunar, Mars, and space station programs.",Tiangong space station; Chang'e lunar missions; Tianwen Mars mission,CSS (Tiangong); Chang'e program; Tianwen program
casc,China Aerospace Science & Technology,China,CN,Beijing,,1999,state_owned,http://english.spacechina.com,,launch_provider; satellite_manufacturer,,"180,000+","CASC is China's main contractor for space activities, developing the Long March rocket family and operating China's human spaceflight and deep space exploration programs.",Long March rocket family; Shenzhou crewed flights; BeiDou constellation,Long March 5; Long March 7; Shenzhou; Tianzhou
landspace,LandSpace,China,CN,Beijing,,2015,commercial_private,http://www.landspace.com,,launch_provider,Series D,800+,"LandSpace is one of China's leading commercial launch companies, developing the Zhuque rocket series. Zhuque-2 became the world's first methane-fueled rocket to reach orbit.",First methane rocket to orbit (Zhuque-2); Reusable rocket development,Zhuque-2; Zhuque-3
ispace-china,iSpace (China),China,CN,Beijing,,2016,commercial_private,http://www.i-space.com.cn,,launch_provider,Series B,400+,Beijing Interstellar Glory Space Technology (iSpace) is a Chinese commercial launch company developing the Hyperbola rocket series for small satellite launches.,First Chinese private company to reach orbit,Hyperbola-1; Hyperbola-2
galactic-energy,Galactic Energy,China,CN,Beijing,,2018,commercial_private,http://www.galactic-energy.cn,,launch_provider,Series C,500+,Galactic Energy develops commercial launch vehicles including the Ceres-1 solid rocket and Pallas-1 reusable liquid rocket. The company has achieved multiple successful orbital launches.,Multiple Ceres-1 orbital successes; Pallas-1 development,Ceres-1; Pallas-1
deep-blue-aerospace,Deep Blue Aerospace,China,CN,Beijing,,2016,commercial_private,http://www.deepbluespace.cn,,launch_provider,Series B,300+,Deep Blue Aerospace is developing reusable rocket technology with the Nebula-1 rocket. The company has demonstrated successful vertical takeoff and landing tests.,VTVL rocket testing; Reusable first stage development,Nebula-1
isro,Indian Space Research Organisation,India,IN,Bengaluru,,1969,government_agency,https://www.isro.gov.in,,government_agency; launch_provider,,"16,000+","ISRO is India's national space agency, known for cost-effective space missions. ISRO has achieved significant milestones including Mars Orbiter Mission and Chandrayaan lunar program.",Mars Orbiter Mission; Chandrayaan-3 lunar landing; Gaganyaan development,PSLV; GSLV; LVM3; Gaganyaan
agnikul,Agnikul Cosmos,India,IN,Chennai,,2017,commercial_private,https://agnikul.in,https://www.linkedin.com/company/agnikul-cosmos,launch_provider,Series B,200+,Agnikul Cosmos is developing 3D-printed rocket engines and the Agnibaan launch vehicle for small satellite deployment. The company achieved the world's first 3D-printed single-piece rocket engine.,World's first single-piece 3D-printed rocket engine; ISRO technical partnership,Agnibaan
skyroot,Skyroot Aerospace,India,IN,Hyderabad,,2018,commercial_private,https://skyroot.in,https://www.linkedin.com/company/skyroot-aerospace,launch_provider,Series B,300+,Skyroot Aerospace became India's first private company to launch a rocket to space with Vikram-S in 2022. The company is developing the Vikram rocket family for small satellite launches.,First private Indian space launch (Vikram-S); Dhawan engine development,Vikram-I; Vikram-II; Vikram-III
pixxel,Pixxel,India,IN,Bengaluru,,2019,commercial_private,https://www.pixxel.space,https://www.linkedin.com/company/pixxel-space,satellite_manufacturer; data_analytics,Series B,150+,Pixxel is building the world's highest resolution hyperspectral satellite constellation to monitor environmental and agricultural changes from space.,Shakuntala hyperspectral satellite; SpaceX launch partnership,Fireflies constellation; Aurora analytics platform
bellatrix,Bellatrix Aerospace,India,IN,Bengaluru,,2015,commercial_private,https://www.bellatrixaerospace.com,https://www.linkedin.com/company/bellatrix-aerospace,propulsion_systems; in_space_services,Series A,100+,Bellatrix Aerospace develops advanced propulsion systems including green propellant thrusters and electric propulsion for satellites and orbital transfer vehicles.,India's first private in-space propulsion system; Green propulsion development,Arka OTV; Hall thrusters; Green monopropellant
jaxa,Japan Aerospace Exploration Agency,Japan,JP,"Chōfu, Tokyo",,2003,government_agency,https://global.jaxa.jp,,government_agency,,"1,500+","JAXA is Japan's national aerospace agency conducting space, aviation, and research activities. JAXA operates the H3 rocket and leads missions including asteroid sample return and lunar exploration.",Hayabusa asteroid sample return; H-IIA/H3 rockets; ISS Kibo module,H3; HTV-X; Martian Moons eXploration
mhi,Mitsubishi Heavy Industries,Japan,JP,Tokyo,,1884,publicly_traded,https://www.mhi.com,https://www.linkedin.com/company/mitsubishi-heavy-industries,launch_provider; satellite_manufacturer,Public,"80,000+ (company-wide)","MHI is Japan's primary launch vehicle manufacturer, developing and operating the H-IIA and H3 rockets. The company also manufactures satellites and space station components.",50+ H-IIA launches; H3 development; ISS supply missions,H3; H-IIA; Satellites
ispace-japan,ispace,Japan,JP,Tokyo,,2010,publicly_traded,https://ispace-inc.com,https://www.linkedin.com/company/ispace-inc,lander; transportation_logistics,Public (9348.T),200+,ispace is a lunar exploration company developing HAKUTO-R lunar landers and rovers. The company aims to extend human presence beyond Earth through lunar infrastructure development.,HAKUTO-R Mission 1; Multiple NASA CLPS payload contracts,HAKUTO-R lander; Micro rover
synspective,Synspective,Japan,JP,Tokyo,,2018,commercial_private,https://synspective.com,https://www.linkedin.com/company/synspective,satellite_manufacturer; satellite_operator; data_analytics,Series C,200+,"Synspective develops and operates small SAR (Synthetic Aperture Radar) satellites for all-weather, day-and-night Earth observation. The company provides geospatial data solutions.",StriX SAR constellation; Land Displacement Monitoring service,StriX satellites; Land Displacement Monitoring; Flood Damage Assessment
astroscale,Astroscale,Japan,JP,Tokyo,,2013,commercial_private,https://astroscale.com,https://www.linkedin.com/company/astroscale,in_space_services,Series G,400+,Astroscale is the world leader in orbital debris removal and satellite servicing. The company develops technologies for sustainable space operations and end-of-life satellite services.,ELSA-d debris removal demonstration; JAXA ADRAS-J mission,ELSA-M; ADRAS-J; LEXI
roscosmos,Roscosmos,Russia,RU,Moscow,,1992,state_owned,https://www.roscosmos.ru,,government_agency,,"170,000+","Roscosmos is the Russian state space corporation responsible for Russia's space program. The agency operates human spaceflight, launch services, and maintains the Russian ISS segment.",Mir space station; Soyuz reliability record; ISS partnership,Soyuz; Progress; Angara
rsc-energia,RSC Energia,Russia,RU,Korolev,,1946,state_owned,https://www.energia.ru,,space_stations; transportation_logistics,,"22,000+","RSC Energia is Russia's primary human spaceflight contractor, manufacturing Soyuz and Progress spacecraft. The company traces its heritage to Sergei Korolev's design bureau.",Soyuz spacecraft; Mir modules; ISS Russian segment,Soyuz MS; Progress MS; Nauka module
isa,Israel Space Agency,Israel,IL,Tel Aviv,,1983,government_agency,https://www.space.gov.il,,government_agency,,50+,The Israel Space Agency coordinates Israel's space program and research activities. ISA oversees satellite development and international space partnerships.,Beresheet lunar attempt; EROS satellite series; Shavit launches,Shavit; Space research programs
iai,Israel Aerospace Industries,Israel,IL,Lod,,1953,state_owned,https://www.iai.co.il,https://www.linkedin.com/company/israel-aerospace-industries,satellite_manufacturer; launch_provider,,"15,000+ (company-wide)","IAI Space is Israel's main aerospace and defense company, developing satellites, launch vehicles, and space systems. IAI built Israel's reconnaissance satellite constellation.",Shavit launcher; AMOS satellite series; OFEQ reconnaissance satellites,AMOS satellites; Shavit; Space systems
csa,Canadian Space Agency,Canada,CA,"Saint-Hubert, Quebec",,1989,government_agency,https://www.asc-csa.gc.ca,https://www.linkedin.com/company/canadian-space-agency,government_agency,,700+,"The Canadian Space Agency coordinates Canada's space activities and partnerships, including significant contributions to the ISS through the Canadarm2 robotic system.",Canadarm; Canadarm2; Dextre; RADARSAT constellation,Lunar Gateway contributions; RADARSAT; Astronaut program
mda-space,MDA Space,Canada,CA,"Brampton, Ontario",,1969,publicly_traded,https://mda.space,https://www.linkedin.com/company/mda,satellite_manufacturer; in_space_services,Public (MDA.TO),"3,000+","MDA Space is a leading space technology company known for developing Canadarm, Canadarm2, and advanced satellite systems. The company specializes in robotics, satellite systems, and geointelligence.",Canadarm legacy; Lunar Gateway Canadarm3 contract; RADARSAT Constellation,Canadarm3; CHORUS satellites; Space robotics
telesat,Telesat,Canada,CA,"Ottawa, Ontario",,1969,publicly_traded,https://www.telesat.com,https://www.linkedin.com/company/telesat,satellite_operator,Public (TSAT),500+,"Telesat operates one of the world's largest satellite fleets and is developing Telesat Lightspeed, a LEO constellation for global enterprise-grade connectivity.",50+ years in satellite communications; Telesat Lightspeed development,GEO fleet; Telesat Lightspeed LEO
kari,Korea Aerospace Research Institute,South Korea,KR,Daejeon,,1989,government_agency,https://www.kari.re.kr,,government_agency; launch_provider,,"1,000+","KARI is South Korea's aerospace research institute responsible for developing the KSLV rockets. KARI achieved the successful Nuri rocket launches, establishing Korea's independent space access.",KSLV-II Nuri successful launches; Korea Pathfinder Lunar Orbiter,Nuri (KSLV-II); Next-generation launch vehicle
hanwha-aerospace,Hanwha Aerospace,South Korea,KR,Changwon,,1977,publicly_traded,https://www.hanwhaaerospace.com,https://www.linkedin.com/company/hanwha-aerospace,propulsion_systems; satellite_manufacturer,Public,"6,000+",Hanwha Aerospace is a leading Korean aerospace and defense company developing satellite systems and rocket propulsion. The company is investing heavily in space capabilities.,Korean satellite production; Satrec Initiative acquisition,Satellite buses; Propulsion systems; Space ventures
uaesa,UAE Space Agency,United Arab Emirates,AE,Abu Dhabi,,2014,government_agency,https://space.gov.ae,,government_agency,,200+,The UAE Space Agency regulates and supports the UAE's rapidly growing space sector. The agency has overseen ambitious missions including the Hope Mars Orbiter.,Hope Mars Orbiter (first Arab interplanetary mission); Rashid lunar rover,National space strategy; Space research programs
mbrsc,Mohammed Bin Rashid Space Centre,United Arab Emirates,AE,Dubai,,2006,government_agency,https://mbrsc.ae,https://www.linkedin.com/company/maborashidsc,satellite_manufacturer; lander,,400+,MBRSC is Dubai's space center responsible for developing satellites and space missions. The center built the Hope Mars orbiter and the Rashid lunar rover.,Hope (Al-Amal) Mars mission; Rashid lunar rovers; DubaiSat series,Hope; Rashid; Earth observation satellites
asa,Australian Space Agency,Australia,AU,Adelaide,,2018,government_agency,https://www.space.gov.au,https://www.linkedin.com/company/australian-space-agency,government_agency,,100+,"The Australian Space Agency coordinates national space activities and works to grow Australia's space industry. The agency focuses on Earth observation, communications, and space situational awareness.",Artemis Accords signatory; Moon to Mars initiative,National space strategy; Industry partnerships
gilmour-space,Gilmour Space Technologies,Australia,AU,"Gold Coast, Queensland",,2013,commercial_private,https://www.gspace.com,https://www.linkedin.com/company/gilmour-space-technologies,launch_provider,Series D,150+,Gilmour Space Technologies is developing the Eris rocket for small satellite launches from Australia. The company aims to provide sovereign launch capability for the Indo-Pacific region.,Hybrid rocket engine development; Bowen launch site development,Eris
lsa,Luxembourg Space Agency,Luxembourg,LU,Luxembourg City,,2018,national_space_org,https://space-agency.public.lu,,national_space_org,,30+,The Luxembourg Space Agency promotes space activities and coordinates the country's SpaceResources.lu initiative for space resources utilization. Luxembourg is a hub for space mining companies.,First European space resources law; SpaceResources.lu initiative,Space resources framework; Industry development
ses,SES,Luxembourg,LU,Betzdorf,,1985,publicly_traded,https://www.ses.com,https://www.linkedin.com/company/ses,satellite_operator,Public,"2,000+","SES is one of the world's leading satellite operators, providing global content connectivity solutions through a fleet of GEO and MEO satellites including the O3b mPOWER constellation.",O3b MEO constellation; Global video distribution; Government solutions,Astra; O3b mPOWER; SES-17
tsa,Turkish Space Agency,Turkey,TR,Ankara,,2018,national_space_org,https://tua.gov.tr,,national_space_org,,100+,"The Turkish Space Agency coordinates Turkey's space activities and implements the National Space Program, including lunar mission plans and domestic satellite development.",National Space Program 2021; First Turkish astronaut mission planning,TÜRKSAT satellites; Space technology development
roketsan,Roketsan,Turkey,TR,Ankara,,1988,state_owned,https://www.roketsan.com.tr,https://www.linkedin.com/company/roketsan,propulsion_systems; launch_provider,,"4,000+","Roketsan is Turkey's leading rocket and missile manufacturer, developing space launch capabilities. The company is working on solid rocket motors and small launch vehicles.",Solid rocket motor development; Space launch vehicle program,Sounding rockets; Propulsion systems
aeb,Brazilian Space Agency,Brazil,BR,Brasília,,1994,government_agency,https://www.gov.br/aeb,,government_agency,,300+,"The Brazilian Space Agency coordinates Brazil's space activities, including the Alcântara Launch Center development and satellite programs with INPE.",Alcântara Launch Center (optimal equatorial location); CBERS satellite partnership with China,VLS rocket development; Alcântara commercial launches
asi,Italian Space Agency,Italy,IT,Rome,,1988,government_agency,https://www.asi.it,https://www.linkedin.com/company/agenzia-spaziale-italiana,government_agency,,200+,ASI is the Italian national space agency coordinating Italy's significant space activities. Italy is a major contributor to European space programs and ISS modules.,"ISS modules (Columbus, Cupola); COSMO-SkyMed constellation; Vega rocket leadership",Space research; ISS contributions; Earth observation
avio,Avio,Italy,IT,Colleferro,,1912,publicly_traded,https://www.avio.com,https://www.linkedin.com/company/avio-s-p-a-,launch_provider; propulsion_systems,Public,"1,300+",Avio is an Italian aerospace company that develops and produces the Vega small launch vehicle for ESA. The company specializes in solid and liquid rocket propulsion systems.,Vega launch vehicle; Vega-C development; Ariane boosters,Vega-C; P120C motors; Zefiro motors
cnes,CNES,France,FR,Paris,,1961,government_agency,https://cnes.fr,https://www.linkedin.com/company/cnes,government_agency,,"2,400+",CNES is the French national space agency and a major contributor to European space activities. CNES operates the Guiana Space Centre and leads numerous satellite and exploration programs.,Guiana Space Centre; Ariane program leadership; Mars missions,Launch complex operations; Space research; Earth observation
nosa,Norwegian Space Agency,Norway,NO,Oslo,,1987,national_space_org,https://www.romsenter.no,,national_space_org,,50+,"The Norwegian Space Agency coordinates Norway's space activities, focusing on Earth observation, satellite communications, and Arctic monitoring capabilities.",Arctic satellite ground stations; ESA contributions; NorSat series,Space infrastructure; Research programs
andoya-space,Andøya Space,Norway,NO,Andenes,,1962,commercial_private,https://www.andoyaspace.no,https://www.linkedin.com/company/andoya-space,ground_systems; launch_provider,,150+,Andøya Space operates sounding rocket and balloon launch facilities in northern Norway. The company is developing Andøya Spaceport for small satellite orbital launches.,"1,200+ sounding rocket launches; Andøya Spaceport development",Sounding rockets; Andøya Spaceport; Satellite ground stations
uksa,UK Space Agency,United Kingdom,GB,Swindon,,2010,government_agency,https://www.gov.uk/government/organisations/uk-space-agency,https://www.linkedin.com/company/uk-space-agency,government_agency,,200+,The UK Space Agency is responsible for all strategic decisions on the UK civil space programme and represents the UK in ESA. The agency is developing UK launch capabilities.,UK spaceport development; ESA contributions; OneWeb rescue,National Space Strategy; Launch programs
sstl,Surrey Satellite Technology,United Kingdom,GB,Guildford,,1985,commercial_private,https://www.sstl.co.uk,https://www.linkedin.com/company/surrey-satellite-technology-limited,satellite_manufacturer,,500+,"SSTL is a world leader in small satellite design and manufacture. The company has built over 70 satellites and pioneered low-cost, high-capability small satellite missions.",70+ satellites delivered; DMC constellation; Galileo IOV satellites,Earth observation satellites; Navigation payloads; Platforms
osa-singapore,Office for Space Technology & Industry,Singapore,SG,Singapore,,2013,national_space_org,https://www.space.gov.sg,,national_space_org,,30+,"OSTIn coordinates Singapore's space industry development and research activities. Singapore focuses on satellite technology, space robotics, and downstream applications.",Singapore Space Technology Association support; Satellite hub development,Industry development; Research programs
saudispace,Saudi Space Agency,Saudi Arabia,SA,Riyadh,,2018,government_agency,https://saudispace.gov.sa,,government_agency,,200+,The Saudi Space Agency is developing Saudi Arabia's space capabilities as part of Vision 2030. The agency is building domestic satellite capability and astronaut programs.,First Saudi astronauts; Domestic satellite development programs,National space strategy; Astronaut program
spire-global,Spire Global,United States,US,"Vienna, VA",VA,2012,publicly_traded,https://spire.com,https://www.linkedin.com/company/spabordering-global,satellite_operator; data_analytics,Public (SPIR),500+,"Spire Global operates a constellation of nanosatellites providing weather, maritime, and aviation tracking data. The company collects and analyzes data from space for various industries.",100+ satellite constellation; Global AIS coverage; Weather data services,Lemur nanosatellites; Maritime data; Weather analytics
blacksky,BlackSky,United States,US,"Herndon, VA",VA,2014,publicly_traded,https://www.blacksky.com,https://www.linkedin.com/company/blacksky-global,satellite_operator; data_analytics,Public (BKSY),400+,BlackSky provides real-time geospatial intelligence through its constellation of high-resolution imaging satellites and AI-powered analytics platform.,Real-time intelligence platform; Defense and commercial contracts,Gen-3 satellites; Spectra AI platform
capella-space,Capella Space (IonQ),United States,US,"San Francisco, CA",CA,2016,publicly_traded,https://www.capellaspace.com,https://www.linkedin.com/company/capella-space,satellite_operator; data_analytics,Acquired (IonQ),200+,"Capella Space operates a constellation of SAR satellites providing high-resolution radar imagery day or night, through any weather. Acquired by IonQ (NYSE: IONQ) in July 2025 to build a space-based quantum key distribution (QKD) network. Leadership team remains in place; satellite operations continue uninterrupted.",Acquired by IonQ (July 2025); First US commercial SAR satellite; Sub-meter resolution SAR,Whitney satellites; SAR data services; QKD network (development)
stoke-space,Stoke Space,United States,US,"Kent, WA",WA,2019,commercial_private,https://www.stokespace.com,https://www.linkedin.com/company/stoke-space-technologies,launch_provider,Series D,200+,"Stoke Space is developing a fully and rapidly reusable launch vehicle. Founded by former Blue Origin engineers, the company raised $860M in a Series D at ~$2B valuation. Its Nova rocket is in final pre-launch testing as of mid-2026, selected for NSSL Phase 3 Lane 1.",Full-flow staged combustion engine; Reusable upper stage hover test; $860M Series D at ~$2B valuation; NSSL Phase 3 Lane 1 selection; Nova rocket in final testing (2026),Nova rocket
phantom-space,Phantom Space,United States,US,"Tucson, AZ",AZ,2019,commercial_private,https://www.phantomspace.com,https://www.linkedin.com/company/phantom-space-corporation,launch_provider; satellite_manufacturer,Series A,150+,Phantom Space is developing affordable launch vehicles and satellite solutions. The company aims to democratize space access with low-cost rockets and satellite platforms.,Daytona rocket development; Integrated space solutions,Daytona rocket; Satellite buses
vast,Vast,United States,US,"Long Beach, CA",CA,2021,commercial_private,https://www.vastspace.com,https://www.linkedin.com/company/vast-space,space_stations,Private,500+,"Vast is developing Haven-1, designed to be the first commercial space station to operate independently of ISS. Backed by Jed McCaleb, the station is manifested on a SpaceX Falcon 9 with a crew delivery via Dragon. Haven-1 launch is targeted for 2026, with Vast-1 crew mission to follow.",SpaceX Falcon 9 launch contract; Haven-1 targeting 2026 launch; Vast-1 crew mission planned; First standalone commercial station,Haven-1 station; Haven-2 (development)
orbital-reef,Orbital Reef,United States,US,"Seattle, WA",WA,2021,joint_venture,https://www.orbitalreef.com,,space_stations,,N/A (consortium),Orbital Reef is a commercial space station being developed by Blue Origin and Sierra Space. The station will serve as a mixed-use business park in low Earth orbit.,NASA Commercial LEO Destination award; Multi-company partnership,Orbital Reef station modules
interstellar-lab,Interstellar Lab,United States,US,"Los Angeles, CA",CA,2018,commercial_private,https://interstellarlab.earth,,manufacturing_materials,,11-50,Building environmentally-controlled modules for sustainable farming on Earth and life-support in space.,,BioPod; Space habitats
agile-space,Agile Space Industries,United States,US,"Durango, CO",CO,2016,commercial_private,https://agilespace.com,,propulsion_systems,,51-200,An in-space propulsion solution provider specializing in hypergolic chemical systems.,,Propulsion systems
all-space,ALL.SPACE,United Kingdom,GB,Reading,,2015,commercial_private,https://all.space,,ground_systems,,51-200,Providing smart terminals that can connect all satellites networks and devices simultaneously.,,Multi-beam antennas
ast-spacemobile,AST SpaceMobile,United States,US,"Midland, TX",TX,2017,publicly_traded,https://ast-science.com,,satellite_operator,Public (ASTS),51-200,Creating a space-based cellular broadband network accessible on standard smartphones. AST SpaceMobile has secured a DoD missile defense prime contract and launched its BlueBird satellite constellation for direct-to-cell connectivity.,BlueWalker 3 satellite; Direct-to-cell connectivity; DoD missile defense prime contract; BlueBird satellite launches,BlueBird satellites
astranis,Astranis,United States,US,"San Francisco, CA",CA,2015,commercial_private,https://www.astranis.com,,satellite_manufacturer; satellite_operator,Series D,201-500,Building affordable satellites to connect the offline population with dedicated broadband.,MicroGEO satellite technology,MicroGEO satellites
benchmark-space,Benchmark Space Systems,United States,US,"Burlington, VT",VT,2017,commercial_private,https://www.benchmarkspacesystems.com,,propulsion_systems; in_space_services,,51-200,Full life cycle in-space mobility provider delivering products from mission planning through decommission.,,Green propulsion systems; Halcyon thrusters
blue-canyon,Blue Canyon Technologies,United States,US,"Lafayette, CO",CO,2008,commercial_private,https://bluecanyontech.com,,satellite_manufacturer,,201-500,Providing low-cost high-performance spacecraft systems for various missions.,Acquired by Raytheon,CubeSat buses; Small satellite systems
cesiumastro,CesiumAstro,United States,US,"Austin, TX",TX,2017,commercial_private,https://www.cesiumastro.com,,satellite_manufacturer,Series C,51-200,Providing communication technology for space and airborne applications.,,Active phased array systems; Software-defined radios
clearspace,ClearSpace,Switzerland,CH,Renens,,2018,commercial_private,https://clearspace.today,,in_space_services,,50+,Pioneering technology to remove space debris and keep orbit sustainable.,ESA ClearSpace-1 mission contract,Debris removal spacecraft
earthdaily,EarthDaily Analytics,Canada,CA,"Vancouver, BC",,2019,commercial_private,https://earthdaily.com,,satellite_operator; data_analytics,,51-200,Observing verifying and predicting changes to the Earth's surface to help people understand and take action.,,EarthDaily Constellation; Analytics platform
echostar,EchoStar,United States,US,"Englewood, CO",CO,1980,publicly_traded,https://www.echostar.com,,satellite_operator,Public (SATS),1001-5000,Providing satellite communication solutions and broadband services.,Hughes Network Systems acquisition; Jupiter satellite fleet,Satellite communications; Broadband services
eumetsat,EUMETSAT,Europe,EU,"Darmstadt, Germany",,1986,government_agency,https://www.eumetsat.int,,satellite_operator; government_agency,,501-1000,Monitoring weather climate and environment to support people and industries worldwide.,Meteosat program; Global weather monitoring,Meteosat; MetOp; Sentinel satellites
exotrail,Exotrail,France,FR,Massy,,2017,commercial_private,https://exotrail.com,,propulsion_systems; in_space_services,Series B,51-200,Designs develops and operates agile space mobility solutions for small satellites.,,ExoMG thrusters; SpaceVan orbital transfer vehicle
ghgsat,GHGSat,Canada,CA,"Montreal, QC",,2011,commercial_private,https://www.ghgsat.com,,satellite_operator; data_analytics,,51-200,Measuring emissions from space with high-resolution greenhouse gas monitoring.,World's first commercial satellite for methane monitoring,Emissions monitoring satellites
gitai,GITAI USA,United States,US,"Los Angeles, CA",CA,2016,commercial_private,https://gitai.tech,,manufacturing_materials,,11-50,Developing robotic systems for building and maintaining satellites and space habitats.,ISS robotics demonstration,Space robotics; Autonomous systems
iceye,ICEYE,Finland,FI,Espoo,,2014,commercial_private,https://www.iceye.com,,satellite_operator; data_analytics,Series D,201-500,Delivering persistent monitoring with SAR satellite technology for all-weather imaging.,First commercial SAR satellite under 100kg,SAR satellites; Analytics platform
inversion,Inversion,United States,US,"Torrance, CA",CA,2021,commercial_private,https://www.inversionspace.com,,transportation_logistics,Series A,11-50,Developing high cadence re-entry vehicles to enable easy return from space.,,Re-entry capsules
jpl,Jet Propulsion Laboratory,United States,US,"Pasadena, CA",CA,1936,government_agency,https://www.jpl.nasa.gov,,government_agency,,5001-10000,Space research and development center managed for NASA by the California Institute of Technology.,Mars rovers; Voyager missions; Cassini-Huygens,Planetary missions; Space exploration technology
kepler,Kepler Communications,Canada,CA,"Toronto, ON",,2015,commercial_private,https://www.kepler.space,,satellite_operator,Series B,51-200,Designing building launching and operating a network of LEO satellites to bring internet to outer space.,,LEO communication satellites
leolabs,LeoLabs,United States,US,"Menlo Park, CA",CA,2016,commercial_private,https://leolabs.space,,data_analytics; ground_systems,Series B,51-200,Developing software to help commercial enterprises and agencies launch and track missions in LEO.,Global radar network,Space domain awareness; Tracking services
loft-orbital,Loft Orbital,United States,US,"San Francisco, CA",CA,2017,commercial_private,https://www.loftorbital.com,,satellite_manufacturer; in_space_services,Series C,201-500,Deploying space infrastructure as a service providing rapid reliable and simplified access to space.,,YAM satellites
lunar-outpost,Lunar Outpost,United States,US,"Golden, CO",CO,2017,commercial_private,https://www.lunaroutpost.com,,lander; manufacturing_materials,,51-200,Enabling extended human presence in space with autonomous Lunar Rovers and sensor systems.,MOXIE rover for NASA,Lunar rovers; Air quality sensors
lynk,Lynk Global,United States,US,"Falls Church, VA",VA,2017,commercial_private,https://lynk.world,,satellite_operator,,11-50,"Lynk Global provides direct-to-phone satellite connectivity using nanosatellites. In October 2025, Lynk announced a merger with Omnispace for comprehensive D2D connectivity, with SES becoming a major strategic partner.",First text from space to unmodified phone; Omnispace merger (Oct 2025); SES partnership,Lynk satellite constellation; D2D connectivity platform
momentus,Momentus,United States,US,"San Jose, CA",CA,2017,publicly_traded,https://momentus.space,,in_space_services; transportation_logistics,Public (MNTS) — Micro-cap,11-50,"Momentus provides in-space transportation via its Vigoride orbital transfer vehicle. After near-bankruptcy in 2024 and restructuring, Momentus completed its Vigoride-7 mission in 2025. The company trades at micro-cap levels on Nasdaq and is focused on winning government and commercial OTV contracts to stabilize revenue.",,Vigoride orbital transfer vehicle
muon-space,Muon Space,United States,US,"Mountain View, CA",CA,2021,commercial_private,https://www.muonspace.com,,satellite_manufacturer; data_analytics,Series A,51-200,Understanding predicting and modeling our changing planet through space-based sensor networks.,,Earth observation satellites
mynaric,Mynaric,Germany,DE,Munich,,2009,publicly_traded,https://mynaric.com,,satellite_manufacturer,Public (MYNA),201-500,Revolutionizing laser communications for air space and mobile applications.,,Optical communication terminals
open-cosmos,Open Cosmos,United Kingdom,GB,Harwell,,2015,commercial_private,https://www.open-cosmos.com,,satellite_manufacturer; satellite_operator,Series C,51-200,Providing simple and affordable satellite missions with end-to-end solutions.,,Small satellites; Mission services
outpost,Outpost,United States,US,"Reno, NV",NV,2020,commercial_private,https://www.outpost.space,,transportation_logistics,Seed,11-50,Pioneering multi-ton Earth return for the growing space economy and point-to-point delivery.,,Re-entry capsules
redwire,Redwire Space,United States,US,"Jacksonville, FL",FL,2020,publicly_traded,https://redwirespace.com,,satellite_manufacturer; manufacturing_materials,Public (RDW),501-1000,Developing mission critical solutions for next generation space infrastructure.,ISS solar arrays; In-space manufacturing,Space infrastructure; 3D printing
satellogic,Satellogic,Argentina,AR,Buenos Aires,,2010,publicly_traded,https://satellogic.com,,satellite_operator; data_analytics,Public (SATL) — Going concern disclosed,201-500,"Satellogic delivers high-resolution satellite imagery via a LEO constellation. The company's 2024 10-K filing (March 2025) disclosed going concern doubt, citing cash constraints. Operations continue but financial outlook remains uncertain.",,NewSat constellation
slingshot,Slingshot Aerospace,United States,US,"Austin, TX",TX,2017,commercial_private,https://slingshotaerospace.com,,data_analytics,Series B,51-200,Bringing together data from multiple sources to provide a full dynamic orbital picture.,,Seradata; Space domain awareness
space-perspective,Space Perspective,United States,US,"Titusville, FL",FL,2019,commercial_private,https://spaceperspective.com,,suborbital,,51-200,Offering a safe and accessible six-hour journey to the edge of space in a giant SpaceBalloon.,,Spaceship Neptune
spinlaunch,SpinLaunch,United States,US,"Long Beach, CA",CA,2014,commercial_private,https://www.spinlaunch.com,,launch_provider,Series A,51-200,Developing a revolutionary kinetic launch system for affordable frequent access to space for small satellites.,Successful suborbital test flights,Kinetic launch system
stratolaunch,Stratolaunch,United States,US,"Seattle, WA",WA,2011,commercial_private,https://www.stratolaunch.com,,launch_provider,,201-500,Designing manufacturing and launching aerospace vehicles for space access and hypersonic flight.,World's largest wingspan aircraft,Roc carrier aircraft; Talon-A hypersonic vehicle
aerospace-corporation,The Aerospace Corporation,United States,US,"El Segundo, CA",CA,1960,nonprofit_research,https://aerospace.org,,government_agency,,1001-5000,Providing technical expertise for space programs and national security missions.,,Technical consulting; Systems engineering
turion-space,Turion Space,United States,US,"Irvine, CA",CA,2020,commercial_private,https://turionspace.com,,in_space_services,Series A,51-200,Building spacecraft for national security and in-space servicing making space safer smarter and more sustainable.,,DROID spacecraft
umbra,Umbra,United States,US,"Santa Barbara, CA",CA,2015,commercial_private,https://umbra.space,,satellite_operator; data_analytics,Series B,51-200,Developing space systems for observing the Earth in high resolution with SAR technology.,,SAR satellites
ursa-major,Ursa Major,United States,US,"Berthoud, CO",CO,2015,commercial_private,https://www.ursamajor.com,,propulsion_systems,Series D,201-500,Developing propulsion systems for space launch hypersonics and national security applications.,Hadley engine production,Hadley engine; Arroway engine
venus-aerospace,Venus Aerospace,United States,US,"Houston, TX",TX,2020,commercial_private,https://www.venusaero.com,,propulsion_systems,Series A,51-200,Developing high-speed hypersonic transportation for one-hour global travel.,,Stargazer hypersonic aircraft
xona-space,Xona Space Systems,United States,US,"San Mateo, CA",CA,2019,commercial_private,https://www.xonaspace.com,,satellite_operator,Series A,11-50,Developing a real-time positioning navigation and timing service for global navigation.,,Pulsar navigation constellation
york-space,York Space Systems,United States,US,"Denver, CO",CO,2012,commercial_private,https://www.yorkspacesystems.com,,satellite_manufacturer,,201-500,Providing end-to-end mission solutions for next-gen space operations.,S-CLASS platform,S-CLASS spacecraft bus
zeno-power,Zeno Power,United States,US,"Washington, D.C.",DC,2018,commercial_private,https://zenopower.com,,manufacturing_materials,Series A,11-50,Developing space-based nuclear power systems using nuclear waste for long-duration missions.,,Radioisotope power systems
starfish-space,Starfish Space,United States,US,"Kent, WA",WA,2019,commercial_private,https://www.starfishspace.com,https://www.linkedin.com/company/starfish-space,in_space_services; satellite_operator,Series A,51-100,"Starfish Space develops satellite servicing vehicles for rendezvous, proximity operations, and docking (RPO&D). The company's Otter spacecraft demonstrated autonomous docking in orbit in 2024, making it one of the first commercial RPO successes.",Otter RPO demo (2024); Autonomous satellite docking; DARPA NOM-4 contract,Otter; Nautilus
scout-space,Scout Space,United States,US,"Boulder, CO",CO,2020,commercial_private,https://www.scoutspace.com,,data_analytics; satellite_operator,Series A,11-50,"Scout Space builds space-based space domain awareness (SDA) sensors. Its Owl satellites observe other spacecraft from orbit, providing real-time custody tracking for defense and commercial customers.",First commercial SDA satellite launched; U.S. Space Force contracts,Owl SDA satellites
castelion,Castelion,United States,US,"Los Angeles, CA",CA,2022,commercial_private,https://www.castelion.com,,satellite_manufacturer; in_space_services,Series B,51-200,Castelion builds hypersonic vehicles and orbital platforms for defense applications. The company completed rapid manufacturing of its Hatchet vehicle and secured contracts for missile defense and prompt global strike architecture.,Hatchet vehicle development; DoD defense contracts; Rapid manufacturing capability,Hatchet
epsilon3,Epsilon3,United States,US,"Los Angeles, CA",CA,2021,commercial_private,https://www.epsilon3.io,https://www.linkedin.com/company/epsilon3,ground_systems; data_analytics,Series B,51-100,"Epsilon3 provides an operating system for launch and spacecraft operations, digitizing test and launch procedures. Used by major launch providers and NASA programs to replace paper-based workflows with real-time collaboration tools.","Used by NASA, SpaceX, Firefly, Relativity; Y Combinator graduate",Epsilon3 platform
hermeus,Hermeus,United States,US,"Atlanta, GA",GA,2018,commercial_private,https://www.hermeus.com,https://www.linkedin.com/company/hermeus,transportation_logistics; propulsion_systems,Series C,201-500,"Hermeus is developing Mach 5+ hypersonic aircraft, including the Quarterhorse autonomous testbed and the Halcyon passenger vehicle. The company has USAF contracts for hypersonic flight testing and completed its first engine test in 2024.",Quarterhorse Mk 1 taxi test; USAF Vanguard contract; Chimera turbine-ramjet engine,Quarterhorse; Halcyon; Chimera engine
alba-orbital,Alba Orbital,United Kingdom,GB,"Glasgow, Scotland",,2012,commercial_private,https://www.albaorbital.com,,satellite_manufacturer; satellite_operator,Series A,11-50,Alba Orbital manufactures the world's smallest commercial imaging satellites. Their PocketQube-class 'Unicorn' satellites deliver Earth observation at dramatically lower cost per satellite.,Unicorn-2 imaging satellite; PocketQube pioneer,Unicorn satellites; PocketQube kits
d-orbit,D-Orbit,Italy,IT,Como,,2011,publicly_traded,https://www.dorbit.space,https://www.linkedin.com/company/d-orbit,in_space_services; transportation_logistics,Public,201-500,"D-Orbit provides in-space logistics services through its ION Satellite Carrier, a last-mile delivery vehicle that deploys satellites to precise orbital slots from a single rideshare launch. Listed on Euronext with 20+ successful missions.",20+ ION missions; Euronext listing; ESA and DoD contracts,ION Satellite Carrier; Aurora satellite bus
endurosat,EnduroSat,Bulgaria,EU,Sofia,,2015,commercial_private,https://www.endurosat.com,https://www.linkedin.com/company/endurosat,satellite_manufacturer; satellite_operator; data_analytics,Series A,51-100,"EnduroSat is a European shared satellite platform provider. The company offers Satellite-as-a-Service, allowing customers to deploy payloads on shared spacecraft without building their own satellite. Raised $26M Series A in 2024.",Satellite-as-a-Service pioneer; ESA contract awardee; Series A $26M (2024),Shared Satellite Platform; MicroSat bus
latitude,Latitude (Venture Orbital Systems),France,FR,Reims,,2019,commercial_private,https://www.intolat.com,,launch_provider,Series B,51-100,"Latitude (formerly Venture Orbital Systems) is a French launch startup developing the Zephyr micro-launcher for dedicated small satellite missions from European spaceports. Targeting first launch from Esrange, Sweden.",,Zephyr micro-launcher
sidus-space,Sidus Space,United States,US,"Cape Canaveral, FL",FL,2012,publicly_traded,https://sidusspace.com,https://www.linkedin.com/company/sidusspace,satellite_manufacturer; data_analytics; manufacturing_materials,Public,51-100,"Sidus Space designs, manufactures, and operates multi-sensor satellites for AI-powered Earth observation and space domain awareness. Their LizzieSat platform supports custom payloads for government and commercial customers.",LizzieSat launched 2024; NASDAQ listed (SIDU); DoD contracts,LizzieSat
space-forge,Space Forge,United Kingdom,GB,"Cardiff, Wales",,2018,commercial_private,https://www.spaceforge.com,,manufacturing_materials; satellite_manufacturer,Series A,51-100,"Space Forge develops returnable and reusable satellites for in-space manufacturing, producing advanced materials like semiconductors and alloys in microgravity. Their ForgeStar platform is designed for recovery and reuse.",ForgeStar-1 mission; UK Space Agency funded; In-space manufacturing pioneer,ForgeStar
hydrosat,HydroSat,United States,US,"Washington, D.C.",DC,2017,commercial_private,https://www.hydrosat.com,,satellite_operator; data_analytics,Series A,11-50,"HydroSat operates thermal infrared Earth observation satellites to monitor water stress, crop health, and wildfire risk. Their data products support precision agriculture and environmental monitoring at high revisit rates.",Thermal IR constellation; NOAA data buy contract; USDA partnership,Thermal IR satellites; Water stress analytics
starcloud,Starcloud,United States,US,"San Francisco, CA",CA,2023,commercial_private,https://www.starcloud.com,,data_analytics; in_space_services,Seed,11-50,"Starcloud is building space-based data centers to provide ultra-low-latency cloud computing from orbit. Backed by Y Combinator, the company aims to leverage the vacuum and cooling advantages of space for high-performance computing workloads including AI inference and edge processing.",Y Combinator W24 batch; Space data center concept,Orbital data center (development)
isptech,ISPTech,Germany,DE,Munich,,2020,commercial_private,https://www.isptech.de,,propulsion_systems,Early Stage,11-50,"ISPTech develops green propulsion systems for small satellites and spacecraft, replacing toxic hydrazine-based thrusters with environmentally friendly alternatives. The German company focuses on high-performance, non-toxic bipropellant engines for LEO and deep-space missions.",Green propulsion development; ESA technology contracts,Green bipropellant thrusters
skynopy,Skynopy,France,FR,Paris,,2021,commercial_private,https://www.skynopy.com,,ground_systems; data_analytics,Seed,11-50,"Skynopy operates a distributed ground station network that provides satellite operators with on-demand downlink services across multiple continents. The Paris-based company offers Ground-Station-as-a-Service, reducing the cost and complexity of satellite data reception.",Multi-continent ground station network; Ground-Station-as-a-Service model,Ground station network; Downlink-as-a-Service
albedo-space,Albedo Space,United States,US,"Broomfield, CO",CO,2020,commercial_private,https://albedo.com,https://www.linkedin.com/company/albedo-space,satellite_manufacturer; satellite_operator; data_analytics,Series B,51-100,"Albedo Space operates commercial satellites in Very Low Earth Orbit (VLEO) at altitudes of 96–300 km, enabling optical imagery at 10 cm resolution — the highest commercially available. Their Clarity-1 satellite launched on SpaceX Transporter-13 in March 2025. VLEO dramatically reduces cost while increasing image sharpness versus traditional LEO constellations.",Clarity-1 launched March 2025 (first VLEO commercial imager); 10 cm optical resolution — sharpest commercial imagery; ~$100M raised,Clarity constellation
reditus-space,Reditus Space,United States,US,"Atlanta, GA",GA,2024,commercial_private,https://www.reditus.space,https://www.linkedin.com/company/reditus-space,in_space_services; manufacturing_materials; transportation_logistics,Seed,11-50,"Reditus Space offers Microgravity-as-a-Service (MaaS) through its ENOS platform — reusable satellites that ferry customer payloads to LEO, perform in-space operations in microgravity, and return finished products to Earth. The company removes the ISS bottleneck for pharmaceutical and advanced materials manufacturing in space.",Y Combinator Winter 2025 batch; $7.6M seed funding; ENOS platform development,ENOS platform; MaaS (Microgravity-as-a-Service)
reflect-orbital,Reflect Orbital,United States,US,"Hawthorne, CA",CA,2021,commercial_private,https://www.reflectorbital.com,,satellite_manufacturer; satellite_operator,Series A,11-50,"Reflect Orbital builds satellites with large deployable mirrors to redirect sunlight onto Earth's surface after dark, extending effective solar energy production hours and providing responsive illumination for disaster response, agriculture, and remote sites. The technology uses natural sunlight with no active emissions.",Series A funded 2025; Novel solar illumination satellite concept,Reflector satellite constellation (development)
lux-aeterna,Lux Aeterna,United States,US,"Denver, CO",CO,2024,commercial_private,https://www.luxaeterna.com,,satellite_manufacturer; in_space_services,Seed,1-10,"Lux Aeterna is developing Delphi, the world's first fully reusable satellite platform. By separating the satellite bus (mature infrastructure) from rapidly evolving payloads, operators can swap mission payloads between flights, dramatically reducing the cost and timeline of satellite operations.",Founded by SpaceX/Amazon Kuiper/Loft Orbital veterans; Delphi reusable satellite platform in development,Delphi satellite platform
the-exploration-company,The Exploration Company,Germany,DE,Munich,,2021,commercial_private,https://www.exploration.space,https://www.linkedin.com/company/the-exploration-company,transportation_logistics; in_space_services,Series C,201-500,"The Exploration Company (TEC) builds Nyx, a reusable cargo spacecraft for resupplying the ISS, future commercial space stations, and lunar Gateway. With ~€230M raised and 300+ employees across Munich and Bordeaux, TEC is Europe's leading commercial cargo vehicle developer, competing alongside US providers for NASA and ESA resupply contracts.",~€230M total funding raised; Nyx Earth demonstrator mission; Selected for ESA cargo program; 300+ employees,Nyx cargo spacecraft
reorbit,ReOrbit,Finland,FI,Helsinki,,2019,commercial_private,https://www.reorbit.space,,satellite_manufacturer; in_space_services; data_analytics,Series A,51-100,"ReOrbit manufactures software-defined satellites and connected spacecraft systems, with a focus on sovereign national security applications. The Helsinki-based company takes a hardware-agnostic approach that allows rapid reconfiguration of satellite missions through software updates, enabling faster response to emerging defense and intelligence requirements.",Series A funded 2025; Software-defined satellite platform; Defense & national security focus,Software-defined satellite bus
fleet-space,Fleet Space Technologies,Australia,AU,"Adelaide, SA",,2015,commercial_private,https://www.fleetspace.com,https://www.linkedin.com/company/fleet-space-technologies,satellite_operator; data_analytics,Series D,201-500,"Fleet Space Technologies operates a proprietary satellite IoT network to power ExoSphere, an AI-driven mineral exploration platform delivering 3D subsurface imaging in real-time with minimal environmental footprint. Clients include major mining companies globally. Fleet raised A$150M in a December 2024 Series D, reaching an ~A$800M valuation — a record for an Australian space startup.",A$150M Series D (Dec 2024) — record Australian space raise; ~A$800M valuation; ExoSphere mineral exploration platform deployed globally,ExoSphere; Centauri satellite IoT constellation
heo,HEO,Australia,AU,Sydney,,2016,commercial_private,https://www.heo-robotics.com,https://www.linkedin.com/company/heo-robotics,in_space_services; data_analytics; satellite_operator,Series A,11-50,"HEO (formerly HEO Robotics) provides space-based space situational awareness through hosted imaging payloads on third-party satellites. The company's sensors image other spacecraft from orbit, giving operators and defence agencies visibility on the health, configuration, and activity of satellites without dedicated inspection vehicles.",US DoD and Australian Space Agency contracts; Space-based SSA through hosted payloads; Series A funded,Hosted imaging payload network
neo-space-group,Neo Space Group,Saudi Arabia,SA,Riyadh,,2024,state_owned,https://www.neospacegroup.com,,satellite_manufacturer; satellite_operator; government_agency,Government / PIF,201-500,"Neo Space Group (NSG) is Saudi Arabia's national satellite and space industries champion, established in 2024 and backed by the Public Investment Fund (PIF). NSG is consolidating Saudi Arabia's satellite assets — including stakes in Arabsat and operational ground infrastructure — into a single national entity to accelerate the Kingdom's Vision 2030 space economy goals.",Backed by Saudi PIF; Consolidating Saudi satellite assets including Arabsat stake; Part of Vision 2030 space economy program,Satellite operations; Ground infrastructure
innovian-space,Innovian Space,United States,US,"Houston, TX",TX,2023,commercial_private,https://innovian.space,https://www.linkedin.com/company/innovian-space,in_space_services; data_analytics,Bootstrapped,1-10,"Innovian Space is a platform-agnostic space strategy consultancy headquartered in Houston that helps organizations identify and execute economically sustainable uses of space. The firm serves both established space companies and non-space organizations entering the industry, guiding strategy, mission planning, and commercial model development without selling launch access or hardware.",Houston Space Center Blvd HQ; Platform-agnostic advisory model; Serving established and new-entrant space organizations,Space strategy consulting; Mission planning services
interlune,Interlune,United States,US,"Seattle, WA",WA,2020,commercial_private,https://www.interlune.space,https://www.linkedin.com/company/interlune,lander; manufacturing_materials; in_space_services,Seed,11-50,"Interlune is developing the technology and systems to extract helium-3 and other natural resources from the Moon for terrestrial markets. Helium-3 — essential for quantum computing, medical imaging, and nuclear fusion research — is vanishingly rare on Earth but abundant in lunar regolith after 4 billion years of solar wind bombardment, commanding ~$20M per kilogram. Founded by Rob Meyerson (ex-Blue Origin President), Gary Lai (ex-Blue Origin Chief Architect), and Apollo 17 astronaut Harrison Schmitt.",Founded by ex-Blue Origin President Rob Meyerson; Apollo 17 astronaut Harrison Schmitt as co-founder; Helium-3 valued at ~$20M/kg; First company targeting commercial lunar resource extraction,Lunar helium-3 extraction (development); Resource prospecting systems
cowboy-space,Cowboy Space Corporation (formerly Aetherflux),United States,US,"San Carlos, CA",CA,2024,commercial_private,https://www.cowboyspace.com,,space_solar_power; orbital_data_center; launch_provider,Series B,11-50,"Formerly known as Aetherflux, the company develops space-based solar power via low-Earth orbit satellite constellations beaming energy via infrared lasers, shifting scope to include orbital data centers and launch systems.",Raised $275M Series B at a $2B valuation in May 2026; backed by Baiju Bhatt.,Galactic Brain orbital data center; Space solar laser beaming constellation
leap-space,LEAP,United States,US,"Broomfield, CO",CO,2022,commercial_private,https://leapspace.one,,transportation_logistics; launch_provider,Early Stage,11-50,A dual-use space logistics company focused on point-to-point rocket-powered cargo and payload delivery anywhere on Earth or in orbit within minutes.,Successfully launched and recovered its Bullfrog suborbital vehicle in May 2026.,Bullfrog launch vehicle; Bighorn orbital logistics vehicle
axelspace,Axelspace,Japan,JP,Tokyo,,2008,commercial_private,https://www.axelspace.com,,satellite_manufacturer; satellite_operator,Public-bound,101-250,"Japanese pioneer in microsatellites and commercial Earth observation networks, operating the AxelGlobe constellation.",Filed for an IPO on the Tokyo Stock Exchange in mid-2026.,AxelGlobe; GRUS satellites
iqps,iQPS (Institute for Q-shu Pioneers of Space),Japan,JP,Fukuoka,,2005,publicly_traded,https://i-qps.net,,satellite_operator; satellite_manufacturer,Public,51-100,"A leading Japanese space startup developing high-resolution, lightweight Synthetic Aperture Radar (SAR) small satellite constellations.",Successfully went public on the Tokyo Stock Exchange; launched multiple QPS-SAR satellites.,QPS-SAR constellation
solestial,Solestial (York Space Systems),United States,US,"Tempe, AZ",AZ,2013,commercial_private,https://www.solestial.com,,component_manufacturer,Acquired,11-50,"Developer of ultra-thin, radiation-hardened silicon solar cells and blankets designed to power long-endurance space missions.",Acquired by York Space Systems in May 2026 to enhance end-to-end mission hardware solutions.,Radiation-hardened silicon solar cells
